锘縄D,Type,SKU,"GTIN, UPC, EAN, or ISBN",Name,Published,Is featured?,Visibility in catalog,Short description,Description,Date sale price starts,Date sale price ends,Tax status,Tax class,In stock?,Stock,Low stock amount,Backorders allowed?,Sold individually?,Weight (lbs),Length (in),Width (in),Height (in),Allow customer reviews?,Purchase note,Sale price,Regular price,Categories,Tags,Shipping class,Images,Download limit,Download expiry days,Parent,Grouped products,Upsells,Cross-sells,External URL,Button text,Position,Brands,Meta: surerank_seo_checks_last_updated,Meta: _solid_affiliate_woocommerce_product_referral_rate_type,Meta: cartflows_redirect_flow_id,Meta: cartflows_add_to_cart_text,Meta: site-sidebar-layout,Meta: ast-site-content-layout,Meta: site-content-style,Meta: site-sidebar-style,Meta: theme-transparent-header-meta,Meta: astra-migrate-meta-layouts,Meta: stick-header-meta,Meta: _uag_css_file_name,Meta: _pys_super_pack_cpt_url,Meta: _pys_super_pack_cpt_condition,Meta: _pys_super_pack_cpt_cart
4914,simple,QR42,,QR42 Rabbits Vibrator,1,0,visible,Rabbits Vibrator Clitoris Stimulator Double G-spot Massager Sex Toys For Women,"Description 12 Speed Strong Rabbits Vibrator Clitoris Stimulator Double G-spot Massager Sex Toys For Women\n\n[video width=""720"" height=""1280"" mp4=""https://vaultcare-d.com/wp-content/uploads/2025/08/QR42-S1.mp4""][/video]",,,taxable,,1,,,0,0,,,,,0,,199,229,Vibrators,For her,,"https://vaultcare-d.com/wp-content/uploads/2025/08/QR42-2.jpg, https://vaultcare-d.com/wp-content/uploads/2025/08/QR42-1-2.jpeg, https://vaultcare-d.com/wp-content/uploads/2025/08/QR42-1-3.jpeg, https://vaultcare-d.com/wp-content/uploads/2025/08/QR42-1.jpeg",,,,,,,,,0,,1765433548,site_default,,,default,default,default,default,default,set,default,uag-css-4914.css,,,
4926,simple,QR38,,QR38 Men's Vacuum Pump Training Strength Erectile Dysfunction Pum,1,0,visible,"Men's Vacuum Pump Training Strength Erectile Dysfunction Pump Trainings Strength Men Suction Increase Pump Men's Shaft Pump, Train Large Size Pump 2 in 1 Pump ED Vacuum Pump","Men's Vacuum Pump Training Strength Erectile Dysfunction Pump Trainings Strength Men Suction Increase Pump Men's Shaft Pump, Train Large Size Pump 2 in 1 Pump ED Vacuum Pump Men's Growth Pump with Strong Suction Men's Vacuum Pump with ED Screen Powerful Electric Vacuum Pump Inch, Adjustable Men's Underwear Set Training Tools to Be a Bigger Men Male Mastusbafor penisen extendors Penisen largement tool pump\n\n[video width=""1276"" height=""720"" mp4=""https://vaultcare-d.com/wp-content/uploads/2025/08/QR38-S1-3.mp4""][/video]",,,taxable,,1,,,0,0,,,,,0,,199,229,Sexual Wellness,For him,,"https://vaultcare-d.com/wp-content/uploads/2025/08/QR38-1.jpeg, https://vaultcare-d.com/wp-content/uploads/2025/08/QR38-1-2.jpeg, https://vaultcare-d.com/wp-content/uploads/2025/08/QR38-1-3.jpeg, https://vaultcare-d.com/wp-content/uploads/2025/08/QR38-1-4.jpeg, https://vaultcare-d.com/wp-content/uploads/2025/08/QR38-1-5.jpeg",,,,,,,,,0,,1768234653,site_default,,,default,default,default,default,default,set,default,,,only,hidden
4943,simple,QR35,,QR35 Inflatable Cock Ring,1,0,visible,"Expand air pressure, compress penis to congest faster,for enlarging and thickening\n\n&nbsp;","[video width=""720"" height=""1280"" mp4=""https://vaultcare-d.com/wp-content/uploads/2025/08/QR35瑙嗛.mp4""][/video]",,,taxable,,1,,,0,0,,,,,0,,199,229,Sexual Wellness,For him,,"https://vaultcare-d.com/wp-content/uploads/2025/08/QR35-1-3.jpg, https://vaultcare-d.com/wp-content/uploads/2025/08/QR35-1-2.jpg, https://vaultcare-d.com/wp-content/uploads/2025/08/QR35-1.jpg",,,,,,,,,0,,1768231771,site_default,,,default,default,default,default,default,set,default,uag-css-4943.css,,only,hidden
4958,simple,QR31,,QR31 Penis condom,1,0,visible,Penis condom extension sleeve silicone realistic condom male sex toys couple,"User-Friendly and Hygienic Couples Sex Toys - This waterproof cock sleeve is designed for effortless use and easy cleaning. Simply apply a small amount of lubricant to your penis and insert it like you put a condom on. Astonishingly realistic design of penis sheath meticulously replicating the appearance of a real penis, complete with detailed glans, veins, and lifelike texture. The vividly reproduced colors further enhance the authenticity, ensuring a truly natural and immersive experience. Premium Liquid Silicone - Body-Safe &amp; Realistic Penis Pump Sleeve - Crafted from body-safe liquid silicone, our penis extension sheath is skin-friendly, phthalate-free, and stretchable to fit various sizes. Soft, flexible, and durable! Reusable, safe, and trustworthy - provides utmost comfort during intimate moments. With its realistic glans, lifelike hand-drawn cyan veins, and authentic feel and appearance, it offers a genuinely thrilling male enhancement experience. Really Ample Penis Sleeve - The penis sleeve is not only increase your penis with 1.8 inch extension at the tip, but also 30% boost in size penis enlarger. The penis sheath adds girth, length and realistic texture for your partner, but inside is smooth and hollow and designed to be used whether you have an erection or not. It has our exclusive design texture around it. It will wrap around your penis, it can be used as a condom or as a penis enlarger extender.\n\n[video width=""720"" height=""1280"" mp4=""https://vaultcare-d.com/wp-content/uploads/2025/08/QR31-S1.mp4""][/video]",,,taxable,,1,,,0,0,,,,,0,,169,199,Cock Rings & Enhancers,For him,,https://vaultcare-d.com/wp-content/uploads/2025/08/QR31-1.jpg,,,,,,,,,0,,1768231116,site_default,,,default,default,default,default,default,set,default,uag-css-4958.css,,only,hidden
5030,simple,QR12,,QR12 Silicone Butt Masturbator,1,0,visible,"Male sex doll, butt pocket genitals adult sex toys, female butt, female silicone butt, male masturbator.520g","Experience lifelike pleasure with this realistic female silicone butt masturbator. Designed with soft, skin-like TPE material, it offers a supple and smooth touch for an authentic feel. Featuring dual textured openings, this toy provides a variety of sensations to satisfy your desires. The carefully sculpted curves and realistic detailing enhance visual appeal while adding to the immersive experience. Compact and discreet, the masturbator is easy to handle, clean, and store, making it suitable for both beginners and experienced users. Its durable construction ensures long-term enjoyment, while the ergonomic design allows for comfortable use in different positions. Perfect for private relaxation and personal pleasure, this versatile toy delivers an intense and realistic experience whenever you want.\n\n[video width=""1080"" height=""1920"" mp4=""https://vaultcare-d.com/wp-content/uploads/2025/08/QR12-S1.mp4""][/video]",,,taxable,,1,,,0,0,,,,,0,,199,229,Masturbators,For him,,"https://vaultcare-d.com/wp-content/uploads/2025/08/QR12-2.jpg, https://vaultcare-d.com/wp-content/uploads/2025/08/QR12-1.jpg",,,,,,,,,0,,1765433542,site_default,,,default,default,default,default,default,set,default,uag-css-5030.css,,only,hidden
5059,simple,QR24-1,,QR24 TPE Male Masturbator & Extender 6.2IN 20CM,1,0,visible,Male masturbator pocket vagina hard TPE penis condom extender penis pump enlarger adult sex toys,"Enhance your solo experience with this versatile male masturbator made from premium hard TPE. Designed to provide a realistic touch, it delivers lifelike sensations for maximum pleasure.\nThis pocket-sized device features a soft vaginal channel and can also function as a penis extender or pump for added stimulation and enhancement. Its ergonomic design ensures a comfortable grip and easy handling during use.\nCompact and discreet, it is easy to clean, store, and transport, making it ideal for personal relaxation anywhere. The durable TPE material ensures long-lasting use while maintaining a natural feel.\nPerfect for men seeking both intense stimulation and versatility, this male masturbator combines pleasure, comfort, and functionality in one convenient adult toy.\n\n[video width=""720"" height=""1280"" mp4=""https://vaultcare-d.com/wp-content/uploads/2025/08/QR24-S1.mp4""][/video]",,,taxable,,1,,,0,0,,,,,0,,199,229,Cock Rings & Enhancers,"For Couples, For him",,https://vaultcare-d.com/wp-content/uploads/2025/08/QR24-1.jpg,,,,,,,,,0,,1768230654,site_default,,,default,default,default,default,default,set,default,,,only,hidden
5317,simple,VC969,,VC969 Fleshlight Dryer / Dryer for Male Masturbator,1,0,visible,Fleshlight Dryer / Dryer for Male Masturbator锛孌iatomaceous Earth.,"For daily care, simply rinse with clean water.\nDue to the properties of diatomaceous earth, stains from colored liquids cannot be removed. (However, staining from colored substances like essential oils or perfumes will not affect its use).\nDue to the properties of diatomaceous earth, please do not bend it with force or drop it, as this will cause it to break and affect its usability.\nPeriodically place it in a well-ventilated area to air dry. This helps with the product's maintenance and restores its absorbency.\nDue to the properties of diatomaceous earth, do not scrub the stick with hard, sharp, or abrasive objects. This will cause the surface to become uneven and affect its appearance.",,,taxable,,1,,,0,0,,,,,0,,139,169,"Masturbators, Uncategorized",For him,,"https://vaultcare-d.com/wp-content/uploads/2025/09/9629386877_1505824514.jpg, https://vaultcare-d.com/wp-content/uploads/2025/09/3.jpg, https://vaultcare-d.com/wp-content/uploads/2025/09/4.jpg",,,,,,,,,0,,1768230426,site_default,,,default,default,default,default,default,set,default,,,only,hidden
5378,simple,VC276,,"VC276 Portable, Compact, and Mini Thrusting Dildo Sex Machine",1,1,visible,"High-Speed Thrusting Machine锛孲mart Heating / Intelligent Heating锛?\n\nInsertable Length: 11.5 cm (approximately 4.5 inches)\nWeight: 530 g (approximately 1.17 lbs or 18.7 oz)","[video width=""480"" height=""852"" mp4=""https://vaultcare-d.com/wp-content/uploads/2025/09/VC276.mp4""][/video]\n\n&nbsp;",,,taxable,,1,,,0,0,,,,,0,,399,449,Dildos,For her,,"https://vaultcare-d.com/wp-content/uploads/2025/09/VC276-5-1.jpg, https://vaultcare-d.com/wp-content/uploads/2025/09/VC276-4.jpg, https://vaultcare-d.com/wp-content/uploads/2025/09/VC276-6.jpg, https://vaultcare-d.com/wp-content/uploads/2025/09/VC276-7.jpg, https://vaultcare-d.com/wp-content/uploads/2025/09/VC276-1.jpg",,,,,,,,,0,,1768271589,site_default,,,default,default,default,default,default,set,default,uag-css-5378.css,,only,hidden
5396,simple,VC168,,VC168 Breast & Vulva Massager,1,0,visible,"Breast and Vulva Massager with 20 Vibration Modes, Gentle Suction &amp; USB Remote Control","[video width=""852"" height=""480"" mp4=""https://vaultcare-d.com/wp-content/uploads/2025/09/VC168-1.mp4""][/video]",,,taxable,,1,,,0,0,,,,,0,,169,199,Vibrators,For her,,"https://vaultcare-d.com/wp-content/uploads/2025/09/VC168-4.png, https://vaultcare-d.com/wp-content/uploads/2025/09/VC168-1.jpg, https://vaultcare-d.com/wp-content/uploads/2025/09/VC168-1.png, https://vaultcare-d.com/wp-content/uploads/2025/09/VC168-2-scaled.jpg, https://vaultcare-d.com/wp-content/uploads/2025/09/VC168-3.png",,,,,,,,,0,,1768229994,site_default,,,default,default,default,default,default,set,default,,,only,hidden
5407,simple,VC462,,VC462 Rechargeable Dual-Ended Electric Male Masturbator,1,1,visible,Material: TPE + ABS Dimensions: 22 脳 7.5 脳 7.5 cm Noise Level: &lt;65dB Power Supply: USB Charging,"[video width=""1280"" height=""720"" mp4=""https://vaultcare-d.com/wp-content/uploads/2025/09/VC462-S1.mp4""][/video]",,,taxable,,1,,,0,0,,,,,0,,199,229,Masturbators,For him,,"https://vaultcare-d.com/wp-content/uploads/2025/09/VC462-2.png, https://vaultcare-d.com/wp-content/uploads/2025/09/VC462-1.png, https://vaultcare-d.com/wp-content/uploads/2025/09/VC462-3.jpg, https://vaultcare-d.com/wp-content/uploads/2025/09/VC462-4.jpg",,,,,,,,,0,,1768229937,site_default,,,default,default,default,default,default,set,default,uag-css-5407.css,,only,hidden
5414,simple,VC167,,VC167 Mini Wearable Insertable Vibrator,1,0,visible,"Length 9cm | Width 3.2cm | Height 7.3cm | Insertable Length 7cm | Suction Mouth Diameter 1.3cm | Insertable Diameter 2.6cm\nProduct Material: Silicone\nProduct Noise Level: &lt;65db\nPower Supply: USB Pin Hole Charging","[video width=""852"" height=""480"" mp4=""https://vaultcare-d.com/wp-content/uploads/2025/09/VC167-S1-1.mp4""][/video]",,,taxable,,1,,,0,0,,,,,0,,199,229,Vibrators,For her,,"https://vaultcare-d.com/wp-content/uploads/2025/09/VC167-1.jpg, https://vaultcare-d.com/wp-content/uploads/2025/09/VC167-1-1.jpg",,,,,,,,,0,,1768229802,site_default,,,default,default,default,default,default,set,default,,,only,hidden
5422,simple,VC165,,VC165 Pinpoint Vibrator,1,0,visible,Material: TPE + ABS Weight: 43.45g Power Supply: One AA battery Water Resistance: Splash-proof Noise Level: &lt;50 decibels,"[video width=""480"" height=""852"" mp4=""https://vaultcare-d.com/wp-content/uploads/2025/09/VC165.mp4""][/video]",,,taxable,,1,,,0,0,,,,,0,,169,199,Vibrators,For her,,"https://vaultcare-d.com/wp-content/uploads/2025/09/VC165-1.jpg, https://vaultcare-d.com/wp-content/uploads/2025/09/VC165-4.jpg, https://vaultcare-d.com/wp-content/uploads/2025/09/VC165-5.jpg",,,,,,,,,0,,1769347879,site_default,,,default,default,default,default,default,set,default,,,only,hidden
5427,simple,VC166,,VC166 Vibrating Egg with Remote,1,0,visible,Material: ABS Colour: Light Green / Pink Noise Level: &lt;50dB Power Supply: Two AAA Batteries,"[video width=""480"" height=""852"" mp4=""https://vaultcare-d.com/wp-content/uploads/2025/09/VC166.mp4""][/video]",,,taxable,,1,,,0,0,,,,,0,,169,199,Vibrators,For her,,"https://vaultcare-d.com/wp-content/uploads/2025/09/VC166-1.jpg, https://vaultcare-d.com/wp-content/uploads/2025/09/VC166-3.jpg",,,,,,,,,0,,1769347879,site_default,,,default,default,default,default,default,set,default,uag-css-5427.css,,only,hidden
5489,simple,VC874,,VC874 linda锛孲ilicone doll锛?鈥?2锛?58cm锛?3.8 lbs,1,0,visible,"[video width=""607"" height=""1080"" mp4=""https://vaultcare-d.com/wp-content/uploads/2025/09/VC874-S1-2.mp4""][/video]","Silicone doll, silicone head, TPE body, D cup, height 158CM, wheat color, hair transplant. 40KG",,,taxable,,0,,,0,0,,,,,0,,3999,4599,Full Body Sex Doll,For him,,"https://vaultcare-d.com/wp-content/uploads/2025/09/VC874-1-2.jpg, https://vaultcare-d.com/wp-content/uploads/2025/09/VC874-1-1.jpg, https://vaultcare-d.com/wp-content/uploads/2025/09/VC874-1-3.jpg, https://vaultcare-d.com/wp-content/uploads/2025/09/VC874-1-4.jpg, https://vaultcare-d.com/wp-content/uploads/2025/09/VC874-1-5.jpg",,,,,,,,,0,,1770394371,site_default,,,default,default,default,default,default,set,default,,,only,hidden
5497,simple,VC872,,"VC872 Katelyn,Silicone doll,5' 2"",158CM,88lbs",1,1,visible,Full-body silicone doll oral sex vocalization interactive vaginal sucking heating vibration 158cm wheat color.40KG,"[video width=""1080"" height=""1920"" mp4=""https://vaultcare-d.com/wp-content/uploads/2025/09/VC872-S1-2.mp4""][/video]\n\n[video width=""720"" height=""1280"" mp4=""https://vaultcare-d.com/wp-content/uploads/2025/09/VC872-S1-1.mp4""][/video]",,,taxable,,0,,,0,0,,,,,0,,4999,5599,Full Body Sex Doll,"For him, high value",,"https://vaultcare-d.com/wp-content/uploads/2025/09/VC872-1.jpg, https://vaultcare-d.com/wp-content/uploads/2025/09/VC872-6.jpg, https://vaultcare-d.com/wp-content/uploads/2025/09/VC872-8.jpg, https://vaultcare-d.com/wp-content/uploads/2025/09/VC872-10.jpg",,,,,,,,,0,,1768229549,site_default,,,default,default,default,default,default,set,default,uag-css-5497.css,,only,hidden
5532,simple,VC279,,VC279 12.2in  31cm dildo,1,0,visible,Material: TPE Total Length: 12.2in-inch (31cm) Diameter: 6cm (approx.2.38 inches),"[video width=""1280"" height=""720"" mp4=""https://vaultcare-d.com/wp-content/uploads/2025/10/VC279-S1.mp4""][/video]",,,taxable,,1,,,0,0,,,,,0,,259,279,Dildos,"best seller, For her",,"https://vaultcare-d.com/wp-content/uploads/2025/10/VC279-1.jpg, https://vaultcare-d.com/wp-content/uploads/2025/10/VC279-3.jpg, https://vaultcare-d.com/wp-content/uploads/2025/10/VC279-2.jpg, https://vaultcare-d.com/wp-content/uploads/2025/10/VC279-4.jpg, https://vaultcare-d.com/wp-content/uploads/2025/10/VC279-5.jpg, https://vaultcare-d.com/wp-content/uploads/2025/10/VC279-6.jpg, https://vaultcare-d.com/wp-content/uploads/2025/10/VC279-7.jpg",,,,,,,,,0,,1768229314,site_default,,,default,default,default,default,default,set,default,uag-css-5532.css,,only,hidden
6134,simple,VC480,,VC480 1.1 kg Simulated silicone hip,1,0,visible,"Simulated skin silicone hip with Vagina and anus\n\nsize: 15*16*10cm\n\nWeight: 1.1kg","[video width=""1080"" height=""1920"" mp4=""https://vaultcare-d.com/wp-content/uploads/2025/12/VC480-S1.mp4""][/video]",,,taxable,,1,,,0,0,,,,,0,,259,399,Masturbators,"For him, high value",,"https://vaultcare-d.com/wp-content/uploads/2025/12/VC480-1.jpg, https://vaultcare-d.com/wp-content/uploads/2025/12/VC480-5.jpg, https://vaultcare-d.com/wp-content/uploads/2025/12/VC480-4.jpg, https://vaultcare-d.com/wp-content/uploads/2025/12/VC480-2.jpg, https://vaultcare-d.com/wp-content/uploads/2025/12/VC480-3.jpg",,,,,,,,,0,,1768229015,,,,default,default,default,default,default,set,default,uag-css-6134.css,,only,hidden
6141,simple,QR09,,QR09 Sleeve Extension Cover Penis Sleeve,1,0,visible,Extender Reusable Spikey Crystal Sleeve with Spike and Bolitas Big Dick Head Enlarger Extender Condoms for Men,,,,taxable,,1,,,0,0,,,,,0,,169,199,Cock Rings & Enhancers,For him,,"https://vaultcare-d.com/wp-content/uploads/2025/12/QR09-1.jpg, https://vaultcare-d.com/wp-content/uploads/2025/12/QR09-2.jpg, https://vaultcare-d.com/wp-content/uploads/2025/12/QR09-4.jpg, https://vaultcare-d.com/wp-content/uploads/2025/12/QR09-3.jpg",,,,,,,,,0,,1768228933,,,,default,default,default,default,default,set,default,uag-css-6141.css,,only,hidden
6146,simple,QR92,,QR92 Anal Dedicated Lubricant 50ml,1,0,visible,,,,,taxable,,1,,,0,0,,,,,0,,169,199,Sexual Wellness,"For her, For him",,"https://vaultcare-d.com/wp-content/uploads/2025/12/QR92-1.jpg, https://vaultcare-d.com/wp-content/uploads/2025/12/QR92-2.jpg, https://vaultcare-d.com/wp-content/uploads/2025/12/QR92-3.jpg, https://vaultcare-d.com/wp-content/uploads/2025/12/QR92-4.jpg",,,,,,,,,0,,1768228909,,,,default,default,default,default,default,set,default,,,only,hidden
6163,simple,QR111,,"QR111 Vibrating and Sucking Vibrator, Rose Red",1,0,visible,"<span title=""Female Vibrating Suction Device Vaginal AV Massage Stick Female Masturbator G-spot Stimulation Breast Tongue Licking Sex Toys"">Female Vibrating Suction Device Vaginal AV Massage Stick Female Masturbator G-spot Stimulation Breast Tongue Licking Sex Toys</span>","[video width=""720"" height=""1280"" mp4=""https://vaultcare-d.com/wp-content/uploads/2025/12/QR111-S1.mp4""][/video]",,,taxable,,1,,,0,0,,,,,0,,199,229,Vibrators,For her,,"https://vaultcare-d.com/wp-content/uploads/2025/12/QR111-1.jpg, https://vaultcare-d.com/wp-content/uploads/2025/12/QR111-2.jpg, https://vaultcare-d.com/wp-content/uploads/2025/12/QR111-3.jpg, https://vaultcare-d.com/wp-content/uploads/2025/12/QR111-4.jpg, https://vaultcare-d.com/wp-content/uploads/2025/12/QR111-5.jpg, https://vaultcare-d.com/wp-content/uploads/2025/12/QR111-6.jpg, https://vaultcare-d.com/wp-content/uploads/2025/12/QR111-7.jpg",,,,,,,,,0,,1767866767,,,,default,default,default,default,default,set,default,uag-css-6163.css,,only,hidden
6172,simple,QR112,,QR112 G-Spot Dual-Head Vibrator,1,0,visible,"<span title=""G Spot Rabbit Vibrator with Bunny Ears for Clitoris G-spot Stimulation - Dildo Vibrators for Women Waterproof 12 Powerful Vibrations Mode Dual Motor Stimulator Adult Sex Toy for Women and Couple Fun"">G Spot Rabbit Vibrator with Bunny Ears for Clitoris G-spot Stimulation - Dildo Vibrators for Women Waterproof 12 Powerful Vibrations Mode Dual Motor Stimulator Adult Sex Toy for Women and Couple Fun</span>",,,,taxable,,1,,,0,0,,,,,0,,229,259,Vibrators,For her,,"https://vaultcare-d.com/wp-content/uploads/2025/12/QR112-1.jpg, https://vaultcare-d.com/wp-content/uploads/2025/12/QR112-2.jpg, https://vaultcare-d.com/wp-content/uploads/2025/12/QR112-3.jpg, https://vaultcare-d.com/wp-content/uploads/2025/12/QR112-4.jpg, https://vaultcare-d.com/wp-content/uploads/2025/12/QR112-5.jpg, https://vaultcare-d.com/wp-content/uploads/2025/12/QR112-6.jpg, https://vaultcare-d.com/wp-content/uploads/2025/12/QR112-7.jpg",,,,,,,,,0,,1768228745,,,,default,default,default,default,default,set,default,uag-css-6172.css,,only,hidden
6193,simple,QR114,,QR114 APP Control Dual Remote Vibrating Egg,1,0,visible,"<span title=""Dual-Head Vibrating Egg for Couples Shared Resonance Wireless Remote Control Jumping Bullet High Orgasm Female Use Silent Sex Insertable Adult Toy"">Dual-Head Vibrating Egg for Couples Shared Resonance Wireless Remote Control Jumping Bullet High Orgasm Female Use Silent Sex Insertable Adult Toy</span>","[video width=""1920"" height=""1080"" mp4=""https://vaultcare-d.com/wp-content/uploads/2025/12/QR114-S1.mp4""][/video]",,,taxable,,1,,,0,0,,,,,0,,199,229,Vibrators,For her,,"https://vaultcare-d.com/wp-content/uploads/2025/12/QR114-1.jpg, https://vaultcare-d.com/wp-content/uploads/2025/12/QR114-2.jpg, https://vaultcare-d.com/wp-content/uploads/2025/12/QR114-3.jpg, https://vaultcare-d.com/wp-content/uploads/2025/12/QR114-6.jpg, https://vaultcare-d.com/wp-content/uploads/2025/12/QR114-5.jpg, https://vaultcare-d.com/wp-content/uploads/2025/12/QR114-7.jpg",,,,,,,,,0,,1768228672,,,,default,default,default,default,default,set,default,uag-css-6193.css,,only,hidden
6202,simple,QR120,,QR120 Wireless Vibrating Egg,1,0,visible,"<span title=""Monster Alien Dildo, Small Fantasy Anal Dildo with Suction Cup, Silicone Anal Sex Toys, Gay Sex Toys, Prostate Dildo, Sexual Pleasure Tools for Women Men (20*5.4cm)"">Monster Alien Dildo, Small Fantasy Anal Dildo with Suction Cup, Silicone Anal Sex Toys, Gay Sex Toys, Prostate Dildo, Sexual Pleasure Tools for Women Men (20*5.4cm)</span>",,,,taxable,,1,,,0,0,,,,,0,,199,229,Vibrators,For her,,"https://vaultcare-d.com/wp-content/uploads/2025/12/QR120-1.jpg, https://vaultcare-d.com/wp-content/uploads/2025/12/QR120-3.jpg, https://vaultcare-d.com/wp-content/uploads/2025/12/QR120-4.jpg, https://vaultcare-d.com/wp-content/uploads/2025/12/QR120-2.jpg, https://vaultcare-d.com/wp-content/uploads/2025/12/QR120-5.jpg",,,,,,,,,0,,1768228577,,,,default,default,default,default,default,set,default,uag-css-6202.css,,only,hidden
6217,simple,QR118,,QR118 7.9in*2.1in Monster Alien Dildo 20*5.4cm,1,0,visible,"<span title=""Monster Alien Dildo, Small Fantasy Anal Dildo with Suction Cup, Silicone Anal Sex Toys, Gay Sex Toys, Prostate Dildo, Sexual Pleasure Tools for Women Men (20*5.4cm)"">Monster Alien Dildo, Small Fantasy Anal Dildo with Suction Cup, Silicone Anal Sex Toys, Gay Sex Toys, Prostate Dildo, Sexual Pleasure Tools for Women Men (20*5.4cm)</span>",,,,taxable,,1,,,0,0,,,,,0,,259,299,Dildos,For her,,"https://vaultcare-d.com/wp-content/uploads/2025/12/QR118-1.jpg, https://vaultcare-d.com/wp-content/uploads/2025/12/QR118-2.jpg, https://vaultcare-d.com/wp-content/uploads/2025/12/QR118-3.jpg",,,,,,,,,0,,1768228471,,,,default,default,default,default,default,set,default,,,only,hidden
6221,simple,QR119,,QR119 7.5in Double Ended Glass Dildo,1,0,visible,"<span title=""Double Ended Glass Dildo,Realistic Crystal Penis with Raised Spiral Texture Crystal Pleasure Wand with Spiral Texture Double Sided Lesbian Vaginal Anal Play G-spot Stimulator for Men Women"">Double Ended Glass Dildo,Realistic Crystal Penis with Raised Spiral Texture Crystal Pleasure Wand with Spiral Texture Double Sided Lesbian Vaginal Anal Play G-spot Stimulator for Men Women</span>","[video width=""1920"" height=""1080"" mp4=""https://vaultcare-d.com/wp-content/uploads/2025/12/QR119-S1.mp4""][/video]",,,taxable,,1,,,0,0,,,,,0,,199,229,Dildos,For her,,"https://vaultcare-d.com/wp-content/uploads/2025/12/QR119-1.jpg, https://vaultcare-d.com/wp-content/uploads/2025/12/QR119-6.jpg, https://vaultcare-d.com/wp-content/uploads/2025/12/QR119-2.jpg, https://vaultcare-d.com/wp-content/uploads/2025/12/QR119-3.jpg, https://vaultcare-d.com/wp-content/uploads/2025/12/QR119-4.jpg, https://vaultcare-d.com/wp-content/uploads/2025/12/QR119-5.jpg",,,,,,,,,0,,1768228412,,,,default,default,default,default,default,set,default,uag-css-6221.css,,only,hidden
6229,simple,QR121,,QR121 Metal Butt Plug Set with Crystal (3pcs),1,0,visible,"<span title=""Metal Butt Plug Intimate Metal Anal Plug With Crystal, Solid Diamond Training Suction Cup Realistic Classic,jewel Plug Toy,stainless Steel Plug Toy,heart Butt Plug,anal Butt Plug,metal Butt Plug(3pcs)"">Metal Butt Plug Intimate Metal Anal Plug With Crystal, Solid Diamond Training Suction Cup Realistic Classic,jewel Plug Toy,stainless Steel Plug Toy,heart Butt Plug,anal Butt Plug,metal Butt Plug(3pcs)</span>",,,,taxable,,1,,,0,0,,,,,0,,199,229,ButtPlay,"For her, For him",,"https://vaultcare-d.com/wp-content/uploads/2025/12/QR121-3.jpg, https://vaultcare-d.com/wp-content/uploads/2025/12/QR121-1.jpg, https://vaultcare-d.com/wp-content/uploads/2025/12/QR121-2.jpg",,,,,,,,,0,,1768228347,,,,default,default,default,default,default,set,default,uag-css-6229.css,,only,hidden
6233,simple,QR122,,QR122 Silicone Butt Plug Trainer Set (3pcs),1,0,visible,"<span title=""Anal Sex Trainer 3PCS Silicone Jeweled Butt Plugs, Anal Trainer, Prostate Sex Toy, Backyard Anal Plug for Women, Men, Couples, Gay, Unisex(3pcs)"">Anal Sex Trainer 3PCS Silicone Jeweled Butt Plugs, Anal Trainer, Prostate Sex Toy, Backyard Anal Plug for Women, Men, Couples, Gay, Unisex(3pcs)</span>","[video width=""1920"" height=""1080"" mp4=""https://vaultcare-d.com/wp-content/uploads/2025/12/QR122-S1.mp4""][/video]",,,taxable,,1,,,0,0,,,,,0,,199,229,ButtPlay,"For her, For him",,"https://vaultcare-d.com/wp-content/uploads/2025/12/QR122-1.jpg, https://vaultcare-d.com/wp-content/uploads/2025/12/QR122-2.jpg",,,,,,,,,0,,1768228242,,,,default,default,default,default,default,set,default,,,only,hidden
6237,simple,QR117,,QR117 9in Thin Suction Cup Dildo (23*4.5cm brown),1,0,visible,"<span title=""9 inch Thin Suction Cup Dildo - Lifelike Feel, G-Spot or P-Spot Stimulation, Strap-on Harness Compatible, Hands-Free Riding, Waterproof"">9 inch Thin Suction Cup Dildo - Lifelike Feel, G-Spot or P-Spot Stimulation, Strap-on Harness Compatible, Hands-Free Riding, Waterproof</span>","[video width=""1920"" height=""1080"" mp4=""https://vaultcare-d.com/wp-content/uploads/2025/12/QR117-S1.mp4""][/video]\n\n[video width=""1528"" height=""1080"" mp4=""https://vaultcare-d.com/wp-content/uploads/2025/12/QR117-S2.mp4""][/video]",,,taxable,,1,,,0,0,,,,,0,,199,229,Dildos,For her,,"https://vaultcare-d.com/wp-content/uploads/2025/12/QR117-1.jpg, https://vaultcare-d.com/wp-content/uploads/2025/12/QR117-2.jpg, https://vaultcare-d.com/wp-content/uploads/2025/12/QR117-3.jpg",,,,,,,,,0,,1768228171,,,,default,default,default,default,default,set,default,uag-css-6237.css,,only,hidden
6243,simple,QR115,,QR115 G-Spot Vibrator,1,0,visible,"<span title=""Wireless Remote Control Egg Vibrator Pink Silicone G-Spot Orgasm Simulation Vibration Massage Female Masturbator Dual Head"">Wireless Remote Control Egg Vibrator Pink Silicone G-Spot Orgasm Simulation Vibration Massage Female Masturbator Dual Head</span>",,,,taxable,,1,,,0,0,,,,,0,,199,229,Vibrators,For her,,"https://vaultcare-d.com/wp-content/uploads/2025/12/QR115-1.jpg, https://vaultcare-d.com/wp-content/uploads/2025/12/QR115-2.jpg, https://vaultcare-d.com/wp-content/uploads/2025/12/QR115-3.jpg",,,,,,,,,0,,1768228100,,,,default,default,default,default,default,set,default,,,only,hidden
6247,simple,VC603,,VC603 7.8in*1.5in Solid silicone penis panties,1,1,visible,"<span title=""Waist circumference 75CM (7.8in*3.8CM) silicone pants"">Waist circumference 75CM (7.8in*1.5in) silicone pants</span>","[video width=""1280"" height=""720"" mp4=""https://vaultcare-d.com/wp-content/uploads/2025/12/VC603-S1-2.mp4""][/video]",,,taxable,,0,,,0,0,,,,,0,,299,349,"Dildos, Strap-Ons","For Couples, For her",,"https://vaultcare-d.com/wp-content/uploads/2025/12/VC603-1.jpg, https://vaultcare-d.com/wp-content/uploads/2025/12/VC603-2.jpg, https://vaultcare-d.com/wp-content/uploads/2025/12/VC603-3.jpg",,,,,,,,,0,,1769347879,,,,default,default,default,default,default,set,default,uag-css-6247.css,,only,hidden
6252,simple,QR29,,QR29 8.8in electric dildo,1,0,visible,,"[video width=""1080"" height=""1920"" mp4=""https://vaultcare-d.com/wp-content/uploads/2025/08/QR29-S1.mp4""][/video]",,,taxable,,1,,,0,0,,,,,0,,259,299,Dildos,For her,,"https://vaultcare-d.com/wp-content/uploads/2025/12/VC204-1.jpg, https://vaultcare-d.com/wp-content/uploads/2025/12/VC204-2.jpg, https://vaultcare-d.com/wp-content/uploads/2025/12/VC204-3.jpg",,,,,,,,,0,,1768227846,,,,default,default,default,default,default,set,default,uag-css-6252.css,,only,hidden
6266,simple,VC906,,VC906 APP control small vibrator egg,1,0,visible,"Mini Bullet Vibrator Adult Toys - Vibrators App Controlled Female Sex Toys with 9 Vibration Modes, Lipstick G Spot Dildo Clitoral Vibrator, Long Distance Discreet Vibrator for Women &amp; Couples (Black)","[video width=""544"" height=""960"" mp4=""https://vaultcare-d.com/wp-content/uploads/2025/12/VC906-S2.mp4""][/video]\n\n[video width=""720"" height=""1280"" mp4=""https://vaultcare-d.com/wp-content/uploads/2025/12/VC906-S1.mp4""][/video]",,,taxable,,0,,,0,0,,,,,0,,299,359,Vibrators,"best seller, For her, high value",,"https://vaultcare-d.com/wp-content/uploads/2025/12/VC906-1.jpg, https://vaultcare-d.com/wp-content/uploads/2025/12/VC906-2.jpg, https://vaultcare-d.com/wp-content/uploads/2025/12/VC906-3.jpg, https://vaultcare-d.com/wp-content/uploads/2025/12/VC906-4.jpg, https://vaultcare-d.com/wp-content/uploads/2025/12/VC906-5.jpg, https://vaultcare-d.com/wp-content/uploads/2025/12/VC906-6.jpg, https://vaultcare-d.com/wp-content/uploads/2025/12/VC906-7.jpg",,,,,,,,,0,,1768227784,,,,default,default,default,default,default,set,default,,,only,hidden
6276,simple,VC607,,VC607 Vibrating penis sleeve,1,0,visible,,"[video width=""720"" height=""1280"" mp4=""https://vaultcare-d.com/wp-content/uploads/2025/12/VC607-S1.mp4""][/video]",,,taxable,,0,,,0,0,,,,,0,,229,259,Cock Rings & Enhancers,"best seller, For him",,"https://vaultcare-d.com/wp-content/uploads/2025/12/VC607-1.jpg, https://vaultcare-d.com/wp-content/uploads/2025/12/VC607-2.jpg, https://vaultcare-d.com/wp-content/uploads/2025/12/VC607-3.jpg, https://vaultcare-d.com/wp-content/uploads/2025/12/VC607-4.jpg, https://vaultcare-d.com/wp-content/uploads/2025/12/VC607-5.jpg, https://vaultcare-d.com/wp-content/uploads/2025/12/VC607-6.jpg",,,,,,,,,0,,1768227687,,,,default,default,default,default,default,set,default,uag-css-6276.css,,only,hidden
6284,simple,VC610,,VC610 Simulation Penis condom,1,0,visible,"<span title=""Simulation Penis condom, realistic silicone penis extender, extend male stamina, male sex toys"">Simulation Penis condom, realistic silicone penis extender, extend male stamina, male sex toys</span>","[video width=""720"" height=""1280"" mp4=""https://vaultcare-d.com/wp-content/uploads/2025/12/VC610-S1-1.mp4""][/video]",,,taxable,,1,,,0,0,,,,,0,,169,199,Cock Rings & Enhancers,For him,,"https://vaultcare-d.com/wp-content/uploads/2025/12/VC610-1.jpg, https://vaultcare-d.com/wp-content/uploads/2025/12/VC610-2.jpg, https://vaultcare-d.com/wp-content/uploads/2025/12/VC610-4.jpg, https://vaultcare-d.com/wp-content/uploads/2025/12/VC610-3.jpg",,,,,,,,,0,,1768227572,,,,default,default,default,default,default,set,default,uag-css-6284.css,,only,hidden
6332,simple,QR128,,QR128 10 Inch Brown Dildo,1,0,visible,"<span title=""10 Inch Brown Dildo Big Dildos, Soft Realistic Huge Dildo with Strong Suction Cup for Hands-Free and Anal Play, Big G-spot Dildo Anal Sex Toys for Women and Couple 26cm*55cm"">10 Inch Brown Dildo Big Dildos, Soft Realistic Huge Dildo with Strong Suction Cup for Hands-Free and Anal Play, Big G-spot Dildo Anal Sex Toys for Women and Couple 26cm*5.5cm</span>","[video width=""544"" height=""960"" mp4=""https://vaultcare-d.com/wp-content/uploads/2025/12/QR128-S1.mp4""][/video]",,,taxable,,1,,,0,0,,,,,0,,259,299,Dildos,For her,,"https://vaultcare-d.com/wp-content/uploads/2025/12/QR128-1.jpg, https://vaultcare-d.com/wp-content/uploads/2025/12/QR128-2.jpg, https://vaultcare-d.com/wp-content/uploads/2025/12/QR128-3.jpg, https://vaultcare-d.com/wp-content/uploads/2025/12/QR128-4.jpg, https://vaultcare-d.com/wp-content/uploads/2025/12/QR128-5.jpg, https://vaultcare-d.com/wp-content/uploads/2025/12/QR128-6.jpg, https://vaultcare-d.com/wp-content/uploads/2025/12/QR128-7.jpg",,,,,,,,,0,,1768226689,,,,default,default,default,default,default,set,default,,,only,hidden
6341,simple,VC318,,VC318 Double-hole vibrating anal plug,1,1,visible,"Thrusting Anal Toy with Prostate Massager, Vibrating Anal Vibrator Butt Plug with Dual Soft Adjustable Penis Ring with 7 Powerful Vibration Modes, Male Sex Toys for Gay Men Couple Pleasure","[video width=""1920"" height=""1080"" mp4=""https://vaultcare-d.com/wp-content/uploads/2025/12/VC318-S1.mp4""][/video]",,,taxable,,1,,,0,0,,,,,0,,259,299,ButtPlay,For him,,"https://vaultcare-d.com/wp-content/uploads/2025/12/VC318-1.jpg, https://vaultcare-d.com/wp-content/uploads/2025/12/VC318-2.jpg, https://vaultcare-d.com/wp-content/uploads/2025/12/VC318-7.jpg, https://vaultcare-d.com/wp-content/uploads/2025/12/VC318-5.jpg, https://vaultcare-d.com/wp-content/uploads/2025/12/VC318-3.jpg, https://vaultcare-d.com/wp-content/uploads/2025/12/VC318-4.jpg, https://vaultcare-d.com/wp-content/uploads/2025/12/VC318-6.jpg",,,,,,,,,0,,1770394343,,,,default,default,default,default,default,set,default,,,only,hidden
6350,simple,VC773,,VC773 4.2kg Simulated silicone hip,1,1,visible,"4.2kg Sex Doll Busty Ass Butt, Life-Sized Pussy Ass Realistic Male Masturbator Stroker with Tight Vagina &amp; Anal 3D Channel for Several Sex Positions, Adult Sex Toys for Men Masturbation 22*28*14cm","[video width=""720"" height=""1280"" mp4=""https://vaultcare-d.com/wp-content/uploads/2025/12/VC773-S1-1.mp4""][/video]",,,taxable,,1,,,0,0,,,,,0,,499,599,"Half Body Sex Doll, Masturbators","For him, high value",,"https://vaultcare-d.com/wp-content/uploads/2025/12/VC773-1.jpg, https://vaultcare-d.com/wp-content/uploads/2025/12/VC773-2.jpg, https://vaultcare-d.com/wp-content/uploads/2025/12/VC773-3.jpg, https://vaultcare-d.com/wp-content/uploads/2025/12/VC773-4.jpg",,,,,,,,,0,,1768297389,,,,default,default,default,default,default,set,default,uag-css-6350.css,,only,hidden
6375,simple,VC923,,VC923 7.3in Horse penis sleeve,1,0,visible,"Penis Sleeve Penis Pump Sex Toys for Men, Cockring Penis Ring Extender Mens Sex Toys with Ball Stretcher, Fantasy Monster Horse Dildo Sleeve Penis Exlarger Extension Adult Male Sex Toys for Couples","Penis sleeve enlarger is made of TPE material.\nPenis extender sleeve S full length 186mm(7.32in), width 33-34mm(1.3-1.34in), L full length 225mm(8.86in), width 33-34mm(1.3-1.34in), solid headed 70mm(2.75in).\nPenis sleeve for men small penis extender sleeve realistic.\nPenis cover soft flexible and waterproof.\nAdult sex toy penis extender enlarger with discreet packaging.\n\n[video width=""1080"" height=""1920"" mp4=""https://vaultcare-d.com/wp-content/uploads/2025/12/VC923-S1.mp4""][/video]",,,taxable,,1,,,0,0,,,,,0,,229,259,Cock Rings & Enhancers,"For Couples, For him, New Arrival",,"https://vaultcare-d.com/wp-content/uploads/2025/12/VC923-1.jpg, https://vaultcare-d.com/wp-content/uploads/2025/12/VC923-2.jpg, https://vaultcare-d.com/wp-content/uploads/2025/12/VC923-3.jpg, https://vaultcare-d.com/wp-content/uploads/2025/12/VC923-4.jpg",,,,,,,,,0,,1766997051,,,,default,default,default,default,default,set,default,uag-css-6375.css,,only,hidden
6382,simple,VC422,,VC422 Telescopic & Vibration Masturbator,1,0,visible,Smart Telescopic &amp; Vibration Masturbator with One-Touch Burst Mode,"The product is an advanced male masturbator designed for immersive stimulation and personalized control. It features 7 levels of telescopic motion and 7 vibration patterns, allowing users to tailor intensity and rhythm to their preference.\nThe One-Touch Burst Mode instantly delivers maximum stimulation for peak moments, enhancing overall experience and satisfaction. Crafted with a soft, body-safe inner sleeve and ergonomic design, It provides comfort, control, and powerful performance in a compact form.\n\n[video width=""720"" height=""1280"" mp4=""https://vaultcare-d.com/wp-content/uploads/2025/12/VC422-S1.mp4""][/video]",,,taxable,,1,,,0,0,,,,,0,,299,329,Masturbators,"For him, New Arrival",,"https://vaultcare-d.com/wp-content/uploads/2025/12/VC422-1.jpg, https://vaultcare-d.com/wp-content/uploads/2025/12/VC422-2.jpg, https://vaultcare-d.com/wp-content/uploads/2025/12/VC422-3.jpg, https://vaultcare-d.com/wp-content/uploads/2025/12/VC422-4.jpg, https://vaultcare-d.com/wp-content/uploads/2025/12/VC422-5.jpg, https://vaultcare-d.com/wp-content/uploads/2025/12/VC422-6.jpg",,,,,,,,,0,,1769347879,,,,default,default,default,default,default,set,default,uag-css-6382.css,,only,hidden
6399,simple,VC220,,VC220 8.66in Thrusting Horse G-spot Dildo Vibrator,1,0,visible,"Thrusting Horse G-spot Dildo Vibrator - 8.66"" 3IN1 Monster Big Dildo with Thrust &amp; Vibrations&amp;Intelligent constanttemperature, Fantasy Long Dildo Remote Control, Suction Cup &amp; Anal Dildos Adult Sex Toys &amp; Games","Wild Fantasy Horse Dildo: Inspired by a mighty war horse, this black-white anal toy boasts a big size, tapered glans for easy insert, lifelike texture, wrinkles for targeted stimulation. Ideal for those craving strength and wildness.\n3-IN-1 Thrusting Dildo Vibrator: Featuring a strong motor, this dildo offers vibration and thrusting modes. Experience6x8 modes via remote control for hands-free pleasure, and unlock even more options鈥攗p to 48 modes鈥攗sing our new app for customized fun.\nBig Dildo: This 8.66"" long dildo (6.49"" insertable),2.04""wide. It鈥檚 not just female womens sex toys, also men couples sex toys.Strong Suction Cup Dildo: Enjoy hands-free pleasure with the robust suction cup that keeps the anal toys stably in place. For optimal suction, press the base firmly to release air, ensuring exploring multi-positions and various scenarios with the dildo.\nWaterproof and Soft Silicone Dildo: Enjoy wet fun in the shower or bath with this waterproof horse dildo. Cleaning is a breeze鈥攔inse under running water. Made from soft, skin-friendly silicone, this u-spot, g-spot vibrator ensures a comfortable experience.\n\n[video width=""720"" height=""1280"" mp4=""https://vaultcare-d.com/wp-content/uploads/2025/12/VC220-S1.mp4""][/video]",,,taxable,,1,,,0,0,,,,,0,,359,399,Dildos,"For her, New Arrival",,"https://vaultcare-d.com/wp-content/uploads/2025/12/VC220-1.jpg, https://vaultcare-d.com/wp-content/uploads/2025/12/VC220-2.jpg, https://vaultcare-d.com/wp-content/uploads/2025/12/VC220-3.jpg, https://vaultcare-d.com/wp-content/uploads/2025/12/VC220-4.jpg, https://vaultcare-d.com/wp-content/uploads/2025/12/VC220-5.jpg, https://vaultcare-d.com/wp-content/uploads/2025/12/VC220-6.jpg",,,,,,,,,0,,1766933242,,,,default,default,default,default,default,set,default,uag-css-6399.css,,only,hidden
6415,simple,QR24,,QR24 TPE Male Masturbator & Extender,1,0,visible,Male masturbator pocket vagina hard TPE penis condom extender penis pump enlarger adult sex toys,"Enhance your solo experience with this versatile male masturbator made from premium hard TPE. Designed to provide a realistic touch, it delivers lifelike sensations for maximum pleasure. This pocket-sized device features a soft vaginal channel and can also function as a penis extender or pump for added stimulation and enhancement. Its ergonomic design ensures a comfortable grip and easy handling during use. Compact and discreet, it is easy to clean, store, and transport, making it ideal for personal relaxation anywhere. The durable TPE material ensures long-lasting use while maintaining a natural feel. Perfect for men seeking both intense stimulation and versatility, this male masturbator combines pleasure, comfort, and functionality in one convenient adult toy.\n\n[video width=""720"" height=""1280"" mp4=""https://vaultcare-d.com/wp-content/uploads/2025/12/QR24-S1.mp4""][/video]",,,taxable,,1,,,0,0,,,,,0,,199,229,Cock Rings & Enhancers,"For Couples, For him",,"https://vaultcare-d.com/wp-content/uploads/2025/12/QR24-1.jpg, https://vaultcare-d.com/wp-content/uploads/2025/12/QR24-2.jpg",,,,,,,,,0,,1766935410,,,,default,default,default,default,default,set,default,uag-css-6415.css,,only,hidden
6419,simple,QR17,,QR17 Sex Machine,1,1,visible,,"Machine Material: ABS+PP\nDildo Material: ABS+TPR\nMachine Base Material: PP\nProduct Size:375152320mm\nDildo Dimensions:190*30.1mm\nInsertable Length: 185mm\nTotal Dildo Length: 260mm\nProduct Net Weight: 1.544KG\nGross Weight (with packaging): 1.852KG\nPower Supply: Direct Plug-in Power\nCharging Status: Blue light is on when charging\nPacking Quantity: 9 units/carton\nCarton Size:19.5 cm\nThrusting Distance: 42mm\n\n[video width=""952"" height=""540"" mp4=""https://vaultcare-d.com/wp-content/uploads/2025/12/QR17-S1.mp4""][/video]",,,taxable,,1,,,0,0,,,,,0,,549,599,Dildos,For her,,https://vaultcare-d.com/wp-content/uploads/2025/12/QR17-1.jpg,,,,,,,,,0,,1770394323,,,,default,default,default,default,default,set,default,uag-css-6419.css,,only,hidden
6455,simple,VC625,,VC625 Penis repair and enlargement cream,1,1,visible,,"<img class=""alignnone size-medium wp-image-6458"" src=""https://vaultcare-d.com/wp-content/uploads/2026/01/VC625-3-213x300.png"" alt=""vc625 penis repair and enlargement cream"" width=""213"" height=""300"" />\n\n[video width=""720"" height=""1280"" mp4=""https://vaultcare-d.com/wp-content/uploads/2026/01/VC625-S1.mp4""][/video]",,,taxable,,1,,,0,0,,,,,0,,299,359,Sexual Wellness,For him,,"https://vaultcare-d.com/wp-content/uploads/2026/01/VC625-1.jpg, https://vaultcare-d.com/wp-content/uploads/2026/01/VC625-2.jpg",,,,,,,,,0,,1770394307,,,,default,default,default,default,default,set,default,uag-css-6455.css,,only,hidden
6460,simple,VC626,,VC626 Delay spray,1,0,visible,,"<img class=""alignnone size-medium wp-image-6464"" src=""https://vaultcare-d.com/wp-content/uploads/2026/01/VC626-4-213x300.jpg"" alt=""auto draft"" width=""213"" height=""300"" />\n\n[video width=""720"" height=""1280"" mp4=""https://vaultcare-d.com/wp-content/uploads/2026/01/VC626-S1.mp4""][/video]",,,taxable,,1,,,0,0,,,,,0,,299,399,Sexual Wellness,For him,,"https://vaultcare-d.com/wp-content/uploads/2026/01/VC626-1.jpg, https://vaultcare-d.com/wp-content/uploads/2026/01/VC626-2.jpg, https://vaultcare-d.com/wp-content/uploads/2026/01/VC626-3.jpg",,,,,,,,,0,,1767866002,,,,default,default,default,default,default,set,default,,,only,hidden
6466,simple,VC627,,VC627 Erectile aid massage oil,1,0,visible,,"<img class=""alignnone size-medium wp-image-6470"" src=""https://vaultcare-d.com/wp-content/uploads/2026/01/VC627-4-213x300.png"" alt=""vc627 erectile aid massage oil"" width=""213"" height=""300"" />\n\n[video width=""720"" height=""1280"" mp4=""https://vaultcare-d.com/wp-content/uploads/2026/01/VC627-S1.mp4""][/video]",,,taxable,,1,,,0,0,,,,,0,,299,399,Sexual Wellness,For him,,"https://vaultcare-d.com/wp-content/uploads/2026/01/VC627-1.jpg, https://vaultcare-d.com/wp-content/uploads/2026/01/VC627-2.jpg, https://vaultcare-d.com/wp-content/uploads/2026/01/VC627-3.jpg",,,,,,,,,0,,1767866408,,,,default,default,default,default,default,set,default,,,only,hidden
6479,simple,QR20,,QR20 9.4in Realistic dildo 24cm,1,0,visible,,"[video width=""720"" height=""1280"" mp4=""https://vaultcare-d.com/wp-content/uploads/2026/01/QR20-S1.mp4""][/video]",,,taxable,,1,,,0,0,,,,,0,,199,229,Dildos,For her,,"https://vaultcare-d.com/wp-content/uploads/2026/01/QR20.jpg, https://vaultcare-d.com/wp-content/uploads/2026/01/QR20-3.jpg, https://vaultcare-d.com/wp-content/uploads/2026/01/QR20-2.jpg, https://vaultcare-d.com/wp-content/uploads/2026/01/QR20-1.jpg",,,,,,,,,0,,1768207303,,,,default,default,default,default,default,set,default,uag-css-6479.css,,only,hidden
6485,simple,QR129,,QR129 8.66in Electric dildo with tongue,1,0,visible,"Total Length: 22cm (approx. 8.66 in)\n\nDiameter: 4cm (approx. 1.57 in)\n\nInsertable Length: 17cm (approx. 6.69 in)","[video width=""1926"" height=""1080"" mp4=""https://vaultcare-d.com/wp-content/uploads/2026/01/QR129-S1.mp4""][/video]",,,taxable,,1,,,0,0,,,,,0,,259,299,Dildos,For her,,"https://vaultcare-d.com/wp-content/uploads/2026/01/QR129-1.jpg, https://vaultcare-d.com/wp-content/uploads/2026/01/QR129-2.jpg, https://vaultcare-d.com/wp-content/uploads/2026/01/QR129-4.jpg, https://vaultcare-d.com/wp-content/uploads/2026/01/QR129-3.jpg",,,,,,,,,0,,1768207895,,,,default,default,default,default,default,set,default,,,only,hidden
6505,simple,QR133,,QR133 2in1 masturbator with breast,1,0,visible,"<div class=""fx-form-data-widget x-grid-col-12"" data-widgetname=""_widget_1749866726497"">\n<div class=""widget-data"">\n<div class=""fx-form-textarea"">\n<div class=""fx-form-content-disabled""><span title=""17*10*9cm(6.69*3.94*3.54in)"">17*10*9cm(6.69*3.94*3.54in)</span></div>\n</div>\n</div>\n</div>\n<div class=""fx-form-data-widget x-grid-col-3"" data-widgetname=""_widget_1749822862870""></div>",,,,taxable,,1,,,0,0,,,,,0,,229,259,Masturbators,For him,,"https://vaultcare-d.com/wp-content/uploads/2026/01/QR133-1.jpg, https://vaultcare-d.com/wp-content/uploads/2026/01/QR133-2.jpg, https://vaultcare-d.com/wp-content/uploads/2026/01/QR133-3.jpg",,,,,,,,,0,,1768209234,,,,default,default,default,default,default,set,default,uag-css-6505.css,,only,hidden
6599,simple,VC919,,"VC919 Dual-Ended Wearable System (100% Liquid Silicone锛?,1,0,visible,馃拵 100% Liquid Silicone",,,,,,,,,,,,,,,,,,,,,,,,,,,,,,,,,,,,,,,,,,,,,,,,,,,
\n馃攧 Dual Stimulation,,,,,,,,,,,,,,,,,,,,,,,,,,,,,,,,,,,,,,,,,,,,,,,,,,,,,,,
\n馃└ Hyper-Realistic Veins,,,,,,,,,,,,,,,,,,,,,,,,,,,,,,,,,,,,,,,,,,,,,,,,,,,,,,,
\n馃┎ Wearable Comfort,,,,,,,,,,,,,,,,,,,,,,,,,,,,,,,,,,,,,,,,,,,,,,,,,,,,,,,
"\n馃か UAE Private Shipping""","[video width=""720"" height=""1280"" mp4=""https://vaultcare-d.com/wp-content/uploads/2026/01/VC919-S1.mp4""][/video]",,,taxable,,1,,,0,0,,,,,0,,359,399,Strap-Ons,For her,,"https://vaultcare-d.com/wp-content/uploads/2026/01/VC919-1.jpg, https://vaultcare-d.com/wp-content/uploads/2026/01/VC919-2.jpg, https://vaultcare-d.com/wp-content/uploads/2026/01/VC919-3.jpg, https://vaultcare-d.com/wp-content/uploads/2026/01/VC919-4.jpg, https://vaultcare-d.com/wp-content/uploads/2026/01/VC919-5.jpg, https://vaultcare-d.com/wp-content/uploads/2026/01/VC919-6.jpg",,,,,,,,,0,,1769347496,,,,default,default,default,default,default,set,default,uag-css-6599.css,,only,hidden,,,,,,,,
6619,simple,6985f18f94fd9,,VC462 Rechargeable Dual-Ended Electric Male Masturbator,1,0,visible,Material: TPE + ABS Dimensions: 22 脳 7.5 脳 7.5 cm Noise Level: &lt;65dB Power Supply: USB Charging,"[video width=""1280"" height=""720"" mp4=""https://vaultcare-d.com/wp-content/uploads/2026/02/VC462-S1.mp4""][/video]",,,taxable,,1,,,0,0,,,,,0,,199,259,Masturbators,For him,,"https://vaultcare-d.com/wp-content/uploads/2026/02/VC462-2.png, https://vaultcare-d.com/wp-content/uploads/2026/02/VC462-1.png, https://vaultcare-d.com/wp-content/uploads/2026/02/VC462-3.png, https://vaultcare-d.com/wp-content/uploads/2026/02/VC462-4.png",,,,,,,,,0,,1771940449,,,,default,default,default,default,default,set,default,,,only,hidden
6626,simple,VC461,,VC461 Cyber-Sleeve V4: Auditory Immersion System,1,1,visible,"<h4 class=""ng-star-inserted""><strong class=""ng-star-inserted""><span class=""ng-star-inserted"">1. 馃帶 5-Language Auditory Immersion</span></strong></h4>\n<h4 class=""ng-star-inserted""><strong class=""ng-star-inserted""><span class=""ng-star-inserted"">2. 馃尓锔?6-Mode Vacuum Suction</span></strong></h4>\n<h4 class=""ng-star-inserted""><strong class=""ng-star-inserted""><span class=""ng-star-inserted"">3. 馃 Intelligent Responsive Tech</span></strong></h4>\n<h4 class=""ng-star-inserted""><strong class=""ng-star-inserted""><span class=""ng-star-inserted"">4. 馃殌 One-Key ""Game Over"" Mode</span></strong></h4>","[video width=""480"" height=""852"" mp4=""https://vaultcare-d.com/wp-content/uploads/2026/02/461-S1.mp4""][/video]",,,taxable,,1,,,0,0,,,,,0,,259,299,Masturbators,For him,,"https://vaultcare-d.com/wp-content/uploads/2026/02/VC461-1.png, https://vaultcare-d.com/wp-content/uploads/2026/02/VC461-2.png, https://vaultcare-d.com/wp-content/uploads/2026/02/VC461-3.gif, https://vaultcare-d.com/wp-content/uploads/2026/02/VC461-4.jpg",,,,,,,,,0,,1770394269,,,,default,default,default,default,default,set,default,uag-css-6626.css,,only,hidden
6632,simple,VC433,,VC433Ultra-Soft High-Fidelity Silicone Sleeve (Japanese Import Standard),1,0,visible,"<ul class=""ng-star-inserted"">\n 	<li class=""ng-star-inserted"">\n<p class=""ng-star-inserted"" style=""text-align: left;""><span class=""ng-star-inserted"">鉁吢?/span><strong class=""ng-star-inserted""><span class=""ng-star-inserted"">Mind-Blowing Texture:</span></strong><span class=""ng-star-inserted"">聽Multi-layered internal ribs designed for maximum stimulation.</span></p>\n</li>\n 	<li class=""ng-star-inserted"">\n<p class=""ng-star-inserted""><span class=""ng-star-inserted"">鉁吢?/span><strong class=""ng-star-inserted""><span class=""ng-star-inserted"">Better Than Real:</span></strong><span class=""ng-star-inserted""> Crafted from medical-grade TPE that warms to your body heat.</span></p>\n</li>\n 	<li class=""ng-star-inserted"">\n<p class=""ng-star-inserted""><span class=""ng-star-inserted"" style=""font-size: 16px;"">鉁?</span><strong class=""ng-star-inserted"" style=""font-size: 16px;""><span class=""ng-star-inserted"">Zero Risk:</span></strong><span class=""ng-star-inserted"" style=""font-size: 16px;"">聽100% Discrete Packaging + Cash on Delivery.</span></p>\n</li>\n</ul>","[video width=""1280"" height=""720"" mp4=""https://vaultcare-d.com/wp-content/uploads/2026/02/vc433-S1.mp4""][/video]",,,taxable,,1,,,0,0,,,,,0,,259,299,Masturbators,For him,,"https://vaultcare-d.com/wp-content/uploads/2026/02/VC433-1.jpg, https://vaultcare-d.com/wp-content/uploads/2026/02/VC433-1-1.png, https://vaultcare-d.com/wp-content/uploads/2026/02/VC433-2.png, https://vaultcare-d.com/wp-content/uploads/2026/02/VC433-3.png, https://vaultcare-d.com/wp-content/uploads/2026/02/VC433-4.png, https://vaultcare-d.com/wp-content/uploads/2026/02/VC433-5.png, https://vaultcare-d.com/wp-content/uploads/2026/02/VC433-6.png, https://vaultcare-d.com/wp-content/uploads/2026/02/VC433-7.png",,,,,,,,,0,,1770389002,,,,default,default,default,default,default,set,default,uag-css-6632.css,,only,hidden
6642,simple,VC432,,"VC432 The ""Caramel Fantasy"": Dual-Channel Heavyweight Stroker (Tan Skin Edition)",1,0,visible,"<ul class=""ng-star-inserted"">\n 	<li class=""ng-star-inserted"">\n<p class=""ng-star-inserted""><span class=""ng-star-inserted"">馃聽</span><strong class=""ng-star-inserted""><span class=""ng-star-inserted"">Exotic Tan Skin &amp; ""Butterfly"" Wings</span></strong><span class=""ng-star-inserted"">聽鈥?Rare visual feast &amp; thick wrapping texture.</span></p>\n</li>\n 	<li class=""ng-star-inserted"">\n<p class=""ng-star-inserted""><span class=""ng-star-inserted"">馃寑聽</span><strong class=""ng-star-inserted""><span class=""ng-star-inserted"">Dual-Channel (V &amp; A) Experience</span></strong><span class=""ng-star-inserted"">聽鈥?Two distinct internal structures in one toy.</span></p>\n</li>\n 	<li class=""ng-star-inserted"">\n<p class=""ng-star-inserted""><span class=""ng-star-inserted"">馃弸锔徛?/span><strong class=""ng-star-inserted""><span class=""ng-star-inserted"">658g Heavyweight Realism</span></strong><span class=""ng-star-inserted"">聽鈥?Solid, fleshy feel. Not light plastic.</span></p>\n</li>\n 	<li class=""ng-star-inserted"">\n<p class=""ng-star-inserted""><span class=""ng-star-inserted"">馃憙聽</span><strong class=""ng-star-inserted""><span class=""ng-star-inserted"">Light Milky Scent</span></strong><span class=""ng-star-inserted"">聽鈥?High-grade TPE. No bad rubber smell.</span></p>\n</li>\n</ul>","[video width=""1280"" height=""720"" mp4=""https://vaultcare-d.com/wp-content/uploads/2026/02/vc432-S1.mp4""][/video]",,,taxable,,1,,,0,0,,,,,0,,259,299,Masturbators,For him,,"https://vaultcare-d.com/wp-content/uploads/2026/02/VC432-1.jpg, https://vaultcare-d.com/wp-content/uploads/2026/02/vc432-2-300x300-1.png, https://vaultcare-d.com/wp-content/uploads/2026/02/vc432-3.png, https://vaultcare-d.com/wp-content/uploads/2026/02/vc432-4.png, https://vaultcare-d.com/wp-content/uploads/2026/02/vc432-5.png, https://vaultcare-d.com/wp-content/uploads/2026/02/vc432-6.png",,,,,,,,,0,,1770389813,,,,default,default,default,default,default,set,default,uag-css-6642.css,,only,hidden
6650,simple,VC431,,"VC431 The ""Dark Elf"" Fantasy: 780g Exotic Dancer Torso (Dual Channel)",1,1,visible,"<p class=""ng-star-inserted""><span class=""ng-star-inserted"">馃拑聽</span><strong class=""ng-star-inserted""><span class=""ng-star-inserted"">The ""Exotic"" Fantasy:</span></strong><span class=""ng-star-inserted"">聽Rare mocha skin tone &amp; anime-inspired aesthetic.</span><br class=""ng-star-inserted"" /><span class=""ng-star-inserted"">鈿栵笍聽</span><strong class=""ng-star-inserted""><span class=""ng-star-inserted"">780g Heavyweight Realism:</span></strong><span class=""ng-star-inserted"">聽Full torso design with soft breasts &amp; belly.</span><br class=""ng-star-inserted"" /><span class=""ng-star-inserted"">馃寑聽</span><strong class=""ng-star-inserted""><span class=""ng-star-inserted"">2-in-1 Dual Paradise:</span></strong></p>\n\n<ul class=""ng-star-inserted"">\n 	<li class=""ng-star-inserted"">\n<p class=""ng-star-inserted""><strong class=""ng-star-inserted""><span class=""ng-star-inserted"">Front:</span></strong><span class=""ng-star-inserted"">聽Deep-ribbed vaginal simulation.</span></p>\n</li>\n 	<li class=""ng-star-inserted"">\n<p class=""ng-star-inserted""><strong class=""ng-star-inserted""><span class=""ng-star-inserted"">Back:</span></strong><span class=""ng-star-inserted"">聽Tight, textured anal passage.</span><br class=""ng-star-inserted"" /><span class=""ng-star-inserted"">鈽侊笍聽</span><strong class=""ng-star-inserted""><span class=""ng-star-inserted"">""Mochi"" Soft Elasticity:</span></strong><span class=""ng-star-inserted"">聽Squeeze it, stretch it. It bounces back like real flesh.</span><br class=""ng-star-inserted"" /><span class=""ng-star-inserted"">馃摝聽</span><strong class=""ng-star-inserted""><span class=""ng-star-inserted"">100% Discrete Shipping:</span></strong><span class=""ng-star-inserted"">聽Plain packaging. Dubai Stock.</span></p>\n</li>\n</ul>","[video width=""1280"" height=""720"" mp4=""https://vaultcare-d.com/wp-content/uploads/2026/02/vc431-S1.mp4""][/video]",,,taxable,,1,,,0,0,,,,,0,,259,299,Masturbators,For him,,"https://vaultcare-d.com/wp-content/uploads/2026/02/1.jpg, https://vaultcare-d.com/wp-content/uploads/2026/02/vc431-1.jpg, https://vaultcare-d.com/wp-content/uploads/2026/02/vc431-4.png, https://vaultcare-d.com/wp-content/uploads/2026/02/vc431-11.jpg, https://vaultcare-d.com/wp-content/uploads/2026/02/vc431-12.png, https://vaultcare-d.com/wp-content/uploads/2026/02/vc431-13.png, https://vaultcare-d.com/wp-content/uploads/2026/02/vc431-14.jpg",,,,,,,,,0,,1770394254,,,,default,default,default,default,default,set,default,uag-css-6650.css,,only,hidden
6659,simple,VC729,,"VC729 The ""Venus"" Project: 8.3kg Posable Life-Size Torso (Internal Skeleton Edition)",1,0,visible,"<p class=""ng-star-inserted""><span class=""ng-star-inserted"">馃聽</span><strong class=""ng-star-inserted""><span class=""ng-star-inserted"">Posable Internal Skeleton:</span></strong><span class=""ng-star-inserted"">聽Features articulating joints. Open her legs, adjust her pose. Just like a real partner.</span><br class=""ng-star-inserted"" /><span class=""ng-star-inserted"">鈿栵笍聽</span><strong class=""ng-star-inserted""><span class=""ng-star-inserted"">8.3kg Heavyweight Stability:</span></strong><span class=""ng-star-inserted"">聽She stays put. The heavy weight allows for intense, hands-free thrusting.</span><br class=""ng-star-inserted"" /><span class=""ng-star-inserted"">馃崚聽</span><strong class=""ng-star-inserted""><span class=""ng-star-inserted"">F-Cup Life-Like Dimensions:</span></strong><span class=""ng-star-inserted"">聽1:1 Human Scale. Massive 720mm bust &amp; 730mm hips with ultra-soft skin.</span><br class=""ng-star-inserted"" /><span class=""ng-star-inserted"">馃寑聽</span><strong class=""ng-star-inserted""><span class=""ng-star-inserted"">3D Advanced Tunnels:</span></strong></p>\n\n<ul class=""ng-star-inserted"">\n 	<li class=""ng-star-inserted"">\n<p class=""ng-star-inserted""><strong class=""ng-star-inserted""><span class=""ng-star-inserted"">V-Tunnel (5.2""):</span></strong><span class=""ng-star-inserted"">聽Silky &amp; Ribbed.</span></p>\n</li>\n 	<li class=""ng-star-inserted"">\n<p class=""ng-star-inserted""><strong class=""ng-star-inserted""><span class=""ng-star-inserted"">A-Tunnel (4.7""):</span></strong><span class=""ng-star-inserted"">聽Tight &amp; Textured.</span><br class=""ng-star-inserted"" /><span class=""ng-star-inserted"">馃摝聽</span><strong class=""ng-star-inserted""><span class=""ng-star-inserted"">Discrete Heavy Cargo:</span></strong><span class=""ng-star-inserted"">聽Shipped in a plain, reinforced box.</span></p>\n</li>\n</ul>","[video width=""720"" height=""1280"" mp4=""https://vaultcare-d.com/wp-content/uploads/2026/02/vc729-S2.mp4""][/video]\n\n[video width=""720"" height=""1280"" mp4=""https://vaultcare-d.com/wp-content/uploads/2026/02/vc729-S1.mp4""][/video]",,,taxable,,1,,,0,0,,,,,0,,799,999,Half Body Sex Doll,For him,,"https://vaultcare-d.com/wp-content/uploads/2026/02/1.png, https://vaultcare-d.com/wp-content/uploads/2026/02/vc729-1.jpg, https://vaultcare-d.com/wp-content/uploads/2026/02/vc729-2-300x300-1.png, https://vaultcare-d.com/wp-content/uploads/2026/02/vc729-3.jpg, https://vaultcare-d.com/wp-content/uploads/2026/02/vc729-5.jpg, https://vaultcare-d.com/wp-content/uploads/2026/02/vc729-8.png, https://vaultcare-d.com/wp-content/uploads/2026/02/vc729-11.jpg",,,,,,,,,0,,1770391120,,,,default,default,default,default,default,set,default,uag-css-6659.css,,only,hidden
6669,simple,VC791,,"VC791 The ""Natural"" Series: High-Fidelity Soft Skin Torso (Dual Channel)",1,1,visible,"<p class=""ng-star-inserted""><span class=""ng-star-inserted"">馃崙聽</span><strong class=""ng-star-inserted""><span class=""ng-star-inserted"">Hyper-Realistic ""Velvet"" Skin:</span></strong><span class=""ng-star-inserted"">聽Matte finish, non-oily, and feels exactly like soft human flesh.</span><br class=""ng-star-inserted"" /><span class=""ng-star-inserted"">馃崚聽</span><strong class=""ng-star-inserted""><span class=""ng-star-inserted"">Marshmallow Soft Breasts:</span></strong><span class=""ng-star-inserted"">聽Squeeze them. They bounce and jiggle with incredible realism.</span><br class=""ng-star-inserted"" /><span class=""ng-star-inserted"">馃寑聽</span><strong class=""ng-star-inserted""><span class=""ng-star-inserted"">Dual Pleasure Tunnels:</span></strong></p>\n\n<ul class=""ng-star-inserted"">\n 	<li class=""ng-star-inserted"">\n<p class=""ng-star-inserted""><strong class=""ng-star-inserted""><span class=""ng-star-inserted"">Vagina:</span></strong><span class=""ng-star-inserted"">聽Lifelike labia entry + textured internal walls.</span></p>\n</li>\n 	<li class=""ng-star-inserted"">\n<p class=""ng-star-inserted""><strong class=""ng-star-inserted""><span class=""ng-star-inserted"">Anus:</span></strong><span class=""ng-star-inserted"">聽Tighter sphincter design for intense suction.</span><br class=""ng-star-inserted"" /><span class=""ng-star-inserted"">馃聽</span><strong class=""ng-star-inserted""><span class=""ng-star-inserted"">Easy to Store:</span></strong><span class=""ng-star-inserted"">聽Compact torso design. Easy to hide in a drawer or under the bed.</span><br class=""ng-star-inserted"" /><span class=""ng-star-inserted"">馃摝聽</span><strong class=""ng-star-inserted""><span class=""ng-star-inserted"">100% Discrete:</span></strong><span class=""ng-star-inserted"">聽Shipped in a plain box. No one knows.</span></p>\n</li>\n</ul>","[video width=""720"" height=""1280"" mp4=""https://vaultcare-d.com/wp-content/uploads/2026/02/VC791-S1.mp4""][/video]",,,taxable,,1,,,0,0,,,,,0,,599,699,Half Body Sex Doll,For him,,"https://vaultcare-d.com/wp-content/uploads/2026/02/VC791-5.png, https://vaultcare-d.com/wp-content/uploads/2026/02/2.jpg, https://vaultcare-d.com/wp-content/uploads/2026/02/VC791-2.jpg, https://vaultcare-d.com/wp-content/uploads/2026/02/VC791-3.jpg, https://vaultcare-d.com/wp-content/uploads/2026/02/VC791-4.jpg",,,,,,,,,0,,1770394222,,,,default,default,default,default,default,set,default,uag-css-6669.css,,only,hidden
6676,simple,VC930,,VC930 Elite Series: Adjustable Multi-Fit Leather Intimacy Harness - Pro Edition,1,0,visible,"<ul class=""ng-star-inserted"">\n 	<li class=""ng-star-inserted"">\n<p class=""ng-star-inserted""><strong class=""ng-star-inserted""><span class=""ng-star-inserted"">Elite Build:</span></strong><span class=""ng-star-inserted"">聽Signature reinforced leather (3x Durability). 馃煝</span></p>\n</li>\n 	<li class=""ng-star-inserted"">\n<p class=""ng-star-inserted""><strong class=""ng-star-inserted""><span class=""ng-star-inserted"">Universal Fit:</span></strong><span class=""ng-star-inserted"">聽Precision multi-point adjustment system. 馃煝</span></p>\n</li>\n 	<li class=""ng-star-inserted"">\n<p class=""ng-star-inserted""><strong class=""ng-star-inserted""><span class=""ng-star-inserted"">Modular Design:</span></strong><span class=""ng-star-inserted"">聽3.7cm Quick-Snap steel ring (90% Compatibility). 馃煝</span></p>\n</li>\n 	<li class=""ng-star-inserted"">\n<p class=""ng-star-inserted""><strong class=""ng-star-inserted""><span class=""ng-star-inserted"">Total Privacy:</span></strong><span class=""ng-star-inserted""> Dubai stealth delivery &amp; COD. 馃煝</span></p>\n</li>\n</ul>","[video width=""720"" height=""1280"" mp4=""https://vaultcare-d.com/wp-content/uploads/2026/02/vc930-s1.mp4""][/video]\n\n[video width=""720"" height=""720"" mp4=""https://vaultcare-d.com/wp-content/uploads/2026/02/vc930-s2.mp4""][/video]",,,taxable,,1,,,0,0,,,,,0,,99,159,Strap-Ons,"For Couples, For her",,https://vaultcare-d.com/wp-content/uploads/2026/02/vc930-4-600x600-1.jpg,,,,,,,,,0,,1770392710,,,,default,default,default,default,default,set,default,,,only,hidden
6680,simple,VC635,,VC635 Kegel Balls (2 vaginal tightening balls),1,0,visible,Available on backorder,"[video width=""720"" height=""1270"" mp4=""https://vaultcare-d.com/wp-content/uploads/2026/02/VC635-S2.mp4""][/video]\n\n[video width=""1920"" height=""1080"" mp4=""https://vaultcare-d.com/wp-content/uploads/2026/02/VC635-S1.mp4""][/video]",,,taxable,,1,,,0,0,,,,,0,,169,229,Uncategorized,"For Couples, For her",,"https://vaultcare-d.com/wp-content/uploads/2026/02/2.png, https://vaultcare-d.com/wp-content/uploads/2026/02/VC635-2.png, https://vaultcare-d.com/wp-content/uploads/2026/02/VC635-3.jpg, https://vaultcare-d.com/wp-content/uploads/2026/02/VC635-4.jpg, https://vaultcare-d.com/wp-content/uploads/2026/02/VC635-6.png",,,,,,,,,0,,1770393505,,,,default,default,default,default,default,set,default,,,only,hidden
6688,simple,VC260,,VC260 6.9-inch Realistic Dildo (17.6cm),1,1,visible,"Material: TPE\nTotal Length: 6.9-inch (17.6cm)\nDiameter: 3.7cm (approx. 1.38 inches)\nInsertable Length: 12.6cm (approx. 5 inches)\nFeatures: This model is relatively small, suitable for women with less experience or for beginners to try.","[video width=""720"" height=""1280"" mp4=""https://vaultcare-d.com/wp-content/uploads/2026/02/VC260.mp4""][/video]",,,taxable,,1,,,0,0,,,,,0,,229,259,Dildos,For her,,"https://vaultcare-d.com/wp-content/uploads/2026/02/VC259-1-1.jpg, https://vaultcare-d.com/wp-content/uploads/2026/02/VC259-2.jpg, https://vaultcare-d.com/wp-content/uploads/2026/02/VC259-3.jpg",,,,,,,,,0,,1770394285,,,,default,default,default,default,default,set,default,uag-css-6688.css,,only,hidden
6694,simple,VC259,,VC259 5.9-inch Realistic Dildo (15cm),1,0,visible,"Material: TPE\nTotal Length: 15cm (approx. 5.9 inches)\nDiameter: 3.5cm (approx. 1.38 inches)\nInsertable Length: 10.8cm (approx. 4.25 inches)\nFeatures: This model is relatively small, suitable for women with less experience or for beginners to try.","[video width=""720"" height=""1280"" mp4=""https://vaultcare-d.com/wp-content/uploads/2026/02/VC260.mp4""][/video]",,,taxable,,1,,,0,0,,,,,0,,199,229,Dildos,For her,,"https://vaultcare-d.com/wp-content/uploads/2026/02/VC259-1-1.jpg, https://vaultcare-d.com/wp-content/uploads/2026/02/VC259-2.jpg, https://vaultcare-d.com/wp-content/uploads/2026/02/VC259-3.jpg",,,,,,,,,0,,1770394161,,,,default,default,default,default,default,set,default,uag-css-6694.css,,only,hidden
